year,Patna High Court,Bombay High Court,Allahabad High Court,Madras High Court,Telangana High Court,Kerala High Court,Karnataka High Court,Chhattisgarh High Court,Punjab and Haryana High Court,Gujarat High Court,Madhya Pradesh High Court,Rajasthan High Court,Delhi High Court,Gauhati High Court,Orissa High Court,Andhra Pradesh High Court,Jharkhand High Court,Calcutta High Court,Himachal Pradesh High Court,Uttarakhand High Court,Jammu & Kashmir High Court,Supreme Court of India,Tripura High Court,Manipur High Court,Meghalaya High Court,Sikkim High Court,total
1950,,,,,,1,,,,,,,,,,,,,,14,,741,,,,,756
1951,,,,,,3,,,,,,,,,,,,,,,,793,,,,,796
1952,,,,,,4,,,,,,,,,,,,,,,,887,,,,,891
1953,,2,,,,4,,,,,,,,,,,,,,,,1287,,,,,1293
1954,,,,,,15,,,,,,,,,,,,,,,,1464,,,,,1479
1955,,5,,,,24,,,,,,,,,,,,,,,,2415,,,,,2444
1956,,,,,,10,,,,,,,,,,,,,,,,681,,,,,691
1957,,,,,,,,,,,,,,,,,,,,,,892,,,,,892
1958,,1,,,,15,,,,,,,,,,,,,,,,1082,,,,,1098
1959,,,,,,,,,,,,,,,,,,,,,,2352,,,,,2352
1960,,,,,,,,,,,,,5,,,,,1,,,,2243,,,,,2249
1961,,,,,,,,,,,,,,,,,,,,,,2198,,,,,2198
1962,,5,,,,,,,,,,,,,,,,,,,,3971,,,,,3976
1963,,,,,1,,,,,,,,,,,,,,,,,3098,,,,,3099
1964,,,,,,,,,,,,,,,,,,1,,,,5152,,,,,5153
1965,,,,,,,,,,,,,,,,,,,,,,2269,,,,,2269
1966,,,,,,,,,,,,,,,,,,1,,,,2794,,,,,2795
1967,4,,,,,,,,,,,,,,,,,,,,,2506,,,,,2510
1968,,,,,,,,,,,,,,,,,,1,,,,2229,,,,,2230
1969,,4,,,,,,,,,,,,,,,,,,,,2591,,,,,2595
1970,,,,,,2,,1,,,,,,,,,,,1,,,2253,,,,,2257
1971,,6,,,,,,,,,,,,,,,,,,,,3141,,,,,3147
1972,1,,,,,,,,,,,,,,,,,,,,,2505,,,,,2506
1973,,,,,,,,,,,,,,,,,,,,,,3484,,,,,3484
1974,,2,,,,,,,,,,,,,,,,,,,,2540,,,,,2542
1975,,,,,,,,,,,,,,,,,,,,,,3258,,,,,3258
1976,,7,,,,,,,,,,,,,,,,,,,,3569,,,,,3576
1977,,,,,,,,,,,,,,,,,,,,,,2654,,,,,2654
1978,15,,,,,,,,,,,,,,,,,,,,,2602,,,,,2617
1979,,,,,,,,,,,,,,,,,,2,,,,2951,,,,,2953
1980,3,,,,,1,,,,,,,,,,,,1,,,,3102,,,,,3107
1981,,,,,,,,,,,,,,,,,,,,,,2549,,,,,2549
1982,,,,,,5,,,,1,,,,,,,,,,,,2583,,,,,2589
1983,,,,,,,,,,,,,,,,,,,,,,2296,,,,,2296
1984,2,,,,,,,,,,,,,,,,,,,,,2298,,,,,2300
1985,,,,,,16,,,,,,,,,,,,,,,,4681,,,,,4697
1986,,,,,,,,,,2,,,,,,,,6,,,,2262,,,,,2270
1987,,,,,,3,,,,1,,,,,,,,,1,,,2676,,,,,2681
1988,,,,,,,,,,3,,,,,,,,,,,,4586,,,,,4589
1989,80,22,,,,,,,,,,1,,,,,,,,,,3466,,,,,3569
1990,,,,,,,,,,,,1,,,,,,,,,,3733,,,,,3734
1991,,,,,1,,,1,,,,,,,,,,,,,,3505,,,,,3507
1992,,28,2,,,,,,,4,,,,,4,,,2,,,,3780,,,,,3820
1993,,,1,,6,,,,,2150,,,,,,,2,,,,,4223,,,,,6382
1994,44,96,,,23,,,1,,63,,,,,,,4,,,,,5574,,,,,5805
1995,,,,,29,,,,,845,,,,,,4,,,,,,6181,,,,,7059
1996,,159,,,58,,,4,,10823,,7,17,,,2,,,,,,9214,,,,,20284
1997,30,174,,1,48,5,,,,42981,,,6,,2,,,,39,1,,5222,,,,,48509
1998,,,,,63,12,308,,,18585,,,14,,,,6,,1,1,,4294,,,,,23284
1999,,14,,6,99,22,9,1,,21815,,26,,,9,,8,27,2,3,,5131,,,,,27172
2000,,4,,35,93,3,4,48,,38575,21,11,,27,29,,26,,,40,,5384,,,,10,44310
2001,60,48,,211,181,13,2,927,,24222,,5,28,33,16,6,,37,60,1041,,5150,,,,,32040
2002,81,1521,,4386,404,3,,693,,19909,,4,85,151,25,3,6,,,1326,,5387,,,,8,33992
2003,,3800,,6440,640,6,,2851,,40509,,5,197,67,3,,,,,3641,22,7376,,,,4,65561
2004,,24748,,4520,121089,,5,3416,,26121,,779,285,11,18,,,,61,3443,,6968,,,,20,191484
2005,,64422,,3279,116848,240,,9107,,43155,,3907,451,89,142,,,,110,2625,,6310,,,,4,250689
2006,,64937,1,10064,51157,8947,2,16098,,52427,,14463,1327,137,188,,,,1743,7020,28,8865,,,,71,237475
2007,,68816,2,14694,56832,71769,7,28483,,40151,,25481,5431,3217,66,,,,7771,3124,450,10117,,,,2,336413
2008,53637,78721,1,17262,65135,82311,28,15546,28481,77659,,25985,12343,2902,117,,,,11621,11146,524,9033,,,,4,492456
2009,96230,110597,,20773,64315,82160,110,24070,55816,4,4,34158,,3573,684,,,,11140,7570,800,53,,,,22,512079
2010,196994,123251,30,24438,99833,82201,158,36403,70825,4,192,32949,30985,8355,5154,,,,22262,14333,1041,10041,,,52,66,759567
2011,123356,125663,,46796,199346,90491,499,30921,70948,36,3081,15930,85457,15884,3438,,,,20114,8378,825,10075,,,369,2,851609
2012,121810,131493,1,,140325,95591,50123,43399,,64554,18869,47304,57516,23450,3603,,6791,,64982,11522,1165,8658,,,180,4,891340
2013,140801,135099,,56019,92707,94432,16802,34125,55417,58268,19167,34921,44746,24881,7099,,17025,,26954,14128,393,10891,1810,,1102,450,887237
2014,137430,147404,,69574,131937,100568,80357,35684,86971,78744,24384,49204,35323,24165,3776,,23629,,31831,10098,2030,9024,10190,,1371,253,1093947
2015,155386,179603,,110142,142057,109407,76523,52416,98613,76979,38194,44348,69705,24332,12213,,37043,,37213,10717,1685,8475,9810,,1306,70,1296237
2016,147839,186716,,146094,131823,105754,68083,167583,91352,,51312,73003,85357,21383,18006,,33260,12,35094,9706,2231,7210,19260,,778,67,1401923
2017,144695,216886,,169253,116504,100660,69935,128386,98729,,44912,108395,83120,24432,15693,,51009,,21794,12054,14009,9113,5669,329,1678,38,1437293
2018,166110,215077,228194,200193,130645,154534,73433,106520,110950,130871,67254,118432,86876,70802,12031,,80589,,28149,12743,17188,9876,13054,1655,925,73,2036174
2019,164214,187654,276318,238523,59602,373404,97838,125344,104830,179773,69126,85788,69016,47036,21615,36810,104967,388,38752,24105,22249,10786,12740,5274,1317,270,2357739
2020,95805,64854,153698,171590,65915,221380,100269,58345,64060,97583,55905,82474,33397,33294,21118,68086,64562,5473,25861,14050,17537,8494,10416,3507,1830,647,1540150
2021,104330,138852,217484,244946,132937,238290,184971,70039,70080,115711,64480,116027,24217,42956,45813,123291,82099,38213,35712,17695,26133,8186,23618,3694,1199,324,2171297
2022,175783,255884,353404,305421,266203,431780,169696,126632,124300,192543,135544,139105,40098,71414,65957,132718,192179,83561,60571,18066,31784,12798,9710,6690,2474,71,3404386
2023,216574,193255,369052,305757,324763,365364,226123,204334,40009,11088,156716,138825,61651,91506,86311,184658,153589,73237,76069,19235,41885,14203,6894,4777,2609,81,3368565
2024,300755,148927,119090,306989,169893,315585,229421,336647,93802,3646,17761,145988,164383,84454,117250,300120,197573,74915,107265,15721,34142,11344,10996,2808,2691,57,3312223
2025,140675,90045,212281,269113,162339,,107633,151578,6,11058,,20405,101426,72840,61006,186572,190305,47728,87385,8502,24846,5384,4368,2909,2328,60,1960792
